,Final Value,Total Return,Annualized Return,Annualized Volatility,Sharpe Ratio,Maximum Drawdown,Historical VaR 95%,Historical Expected Shortfall 95%,Beta vs SPY,Correlation vs SPY
SPY Only,31688.764400766853,2.1489587958855814,0.15448121668112855,0.1917856961213699,0.8054887293751379,-0.33717285755478565,-0.01771537577137718,-0.02915386423223497,1.0004681647940075,0.9999999999999999
60/40 Portfolio,20143.80794642534,1.0029485618959715,0.0901474311045156,0.12286559372661299,0.7337076912280402,-0.2723528186327102,-0.012035320783208592,-0.018105943124705863,0.5556952758893102,0.8670005251280213
Equal Weight,27286.19503856286,1.71626945296086,0.1261012329637058,0.12414604626268634,1.0157490855317484,-0.2515452899877727,-0.01191482462380344,-0.01821222503735629,0.5393883936091786,0.832878485382093
Balanced,29434.977963126137,1.925541502119335,0.1385209761074118,0.14951760732545694,0.9264526003676034,-0.27379134125625004,-0.01482707623563022,-0.022092285621168106,0.7382601413154561,0.9465204953312345
Risk Parity,22974.128845002495,1.288450640261908,0.10422119114329338,0.11061645097771579,0.9421852737283104,-0.25330537890756477,-0.011015057922021756,-0.015951566495695707,0.3915174614762027,0.6784914122565511
