,GLD,QQQ,SPY,TLT
SPY Only,0.0,0.0,1.0,0.0
60/40 Portfolio,0.0,0.0,0.6,0.4
Equal Weight,0.25,0.25,0.25,0.25
Balanced,0.1,0.3,0.4,0.2
Risk Parity,0.2697727970067082,0.16372741156869114,0.21247281659885253,0.3540269748257481
